"Status","Start Time","Stop Time","Duration in ms","Parent Suite","Suite","Sub Suite","Test Class","Test Method","Name","Description"
"passed","Mon Oct 05 02:09:40 UTC 2026","Mon Oct 05 02:09:40 UTC 2026","237","","com.apitest.tests.DataDrivenBookingTests","","com.apitest.tests.DataDrivenBookingTests","createBooking_withVariedData_succeeds","createBooking_withVariedData_succeeds(String, String, int, boolean) create booking: Bob Builder, price=0, deposit=false","Verify booking creation succeeds across varied price/deposit combinations, including boundary prices"
"passed","Mon Oct 05 02:09:43 UTC 2026","Mon Oct 05 02:09:44 UTC 2026","215","","com.apitest.tests.GetBookingTests","","com.apitest.tests.GetBookingTests","getBookingById_withInvalidId_returns404","getBookingById_withInvalidId_returns404()","Verify GET /booking/{id} for a non-existent ID returns 404"
"passed","Mon Oct 05 02:09:45 UTC 2026","Mon Oct 05 02:09:46 UTC 2026","659","","com.apitest.tests.GetBookingTests","","com.apitest.tests.GetBookingTests","getBookingById_withValidId_returnsBookingDetails","getBookingById_withValidId_returnsBookingDetails()","Verify GET /booking/{id} for a valid ID returns full booking details"
"passed","Mon Oct 05 02:09:41 UTC 2026","Mon Oct 05 02:09:41 UTC 2026","190","","com.apitest.tests.DataDrivenBookingTests","","com.apitest.tests.DataDrivenBookingTests","getBookingById_withBoundaryInvalidIds_returns404","getBookingById_withBoundaryInvalidIds_returns404(int) GET /booking/-1 should return 404","Verify a range of invalid/boundary booking IDs all return 404, not just one hardcoded case"
"passed","Mon Oct 05 02:09:40 UTC 2026","Mon Oct 05 02:09:41 UTC 2026","224","","com.apitest.tests.DataDrivenBookingTests","","com.apitest.tests.DataDrivenBookingTests","createBooking_withVariedData_succeeds","createBooking_withVariedData_succeeds(String, String, int, boolean) create booking: Dave Grohl, price=1, deposit=false","Verify booking creation succeeds across varied price/deposit combinations, including boundary prices"
"passed","Mon Oct 05 02:09:41 UTC 2026","Mon Oct 05 02:09:42 UTC 2026","250","","com.apitest.tests.CreateBookingTests","","com.apitest.tests.CreateBookingTests","createBooking_withoutOptionalField_stillSucceeds","createBooking_withoutOptionalField_stillSucceeds()","Verify a booking can be created without the optional additionalneeds field"
"passed","Mon Oct 05 02:09:47 UTC 2026","Mon Oct 05 02:09:47 UTC 2026","221","","com.apitest.tests.UpdateBookingTests","","com.apitest.tests.UpdateBookingTests","updateBooking_withValidToken_updatesSuccessfully","updateBooking_withValidToken_updatesSuccessfully()","Verify a booking can be updated with a valid auth token"
"passed","Mon Oct 05 02:09:42 UTC 2026","Mon Oct 05 02:09:43 UTC 2026","229","","com.apitest.tests.AuthTests","","com.apitest.tests.AuthTests","createToken_withValidCredentials_returnsToken","createToken_withValidCredentials_returnsToken()","Verify that valid credentials return a non-empty auth token"
"passed","Mon Oct 05 02:09:46 UTC 2026","Mon Oct 05 02:09:47 UTC 2026","216","","com.apitest.tests.UpdateBookingTests","","com.apitest.tests.UpdateBookingTests","updateBooking_withoutToken_returnsForbidden","updateBooking_withoutToken_returnsForbidden()","Verify updating a booking without a token is rejected with 403 Forbidden"
"passed","Mon Oct 05 02:09:41 UTC 2026","Mon Oct 05 02:09:41 UTC 2026","199","","com.apitest.tests.DataDrivenBookingTests","","com.apitest.tests.DataDrivenBookingTests","getBookingById_withBoundaryInvalidIds_returns404","getBookingById_withBoundaryInvalidIds_returns404(int) GET /booking/0 should return 404","Verify a range of invalid/boundary booking IDs all return 404, not just one hardcoded case"
"passed","Mon Oct 05 02:09:40 UTC 2026","Mon Oct 05 02:09:40 UTC 2026","224","","com.apitest.tests.DataDrivenBookingTests","","com.apitest.tests.DataDrivenBookingTests","createBooking_withVariedData_succeeds","createBooking_withVariedData_succeeds(String, String, int, boolean) create booking: Carol Danvers, price=99999, deposit=true","Verify booking creation succeeds across varied price/deposit combinations, including boundary prices"
"passed","Mon Oct 05 02:09:41 UTC 2026","Mon Oct 05 02:09:41 UTC 2026","189","","com.apitest.tests.DataDrivenBookingTests","","com.apitest.tests.DataDrivenBookingTests","getBookingById_withBoundaryInvalidIds_returns404","getBookingById_withBoundaryInvalidIds_returns404(int) GET /booking/999999999 should return 404","Verify a range of invalid/boundary booking IDs all return 404, not just one hardcoded case"
"passed","Mon Oct 05 02:09:42 UTC 2026","Mon Oct 05 02:09:42 UTC 2026","160","","com.apitest.tests.WireMockBookingTests","","com.apitest.tests.WireMockBookingTests","testMockedAuthEndpoint","testMockedAuthEndpoint()",""
"passed","Mon Oct 05 02:09:45 UTC 2026","Mon Oct 05 02:09:45 UTC 2026","471","","com.apitest.tests.GetBookingTests","","com.apitest.tests.GetBookingTests","getAllBookings_returnsNonEmptyList","getAllBookings_returnsNonEmptyList()","Verify GET /booking returns a non-empty list of booking IDs"
"passed","Mon Oct 05 02:09:43 UTC 2026","Mon Oct 05 02:09:43 UTC 2026","643","","com.apitest.tests.DeleteBookingTests","","com.apitest.tests.DeleteBookingTests","deleteBooking_withValidToken_removesBooking","deleteBooking_withValidToken_removesBooking()","Verify a booking can be deleted with a valid token, and is gone afterward"
"passed","Mon Oct 05 02:09:37 UTC 2026","Mon Oct 05 02:09:40 UTC 2026","2524","","com.apitest.tests.DataDrivenBookingTests","","com.apitest.tests.DataDrivenBookingTests","createBooking_withVariedData_succeeds","createBooking_withVariedData_succeeds(String, String, int, boolean) create booking: Alice Wonderland, price=100, deposit=true","Verify booking creation succeeds across varied price/deposit combinations, including boundary prices"
"passed","Mon Oct 05 02:09:44 UTC 2026","Mon Oct 05 02:09:45 UTC 2026","961","","com.apitest.tests.GetBookingTests","","com.apitest.tests.GetBookingTests","getBookingById_matchesJsonSchema","getBookingById_matchesJsonSchema()","Verify GET /booking/{id} response matches the expected JSON schema"
"passed","Mon Oct 05 02:09:42 UTC 2026","Mon Oct 05 02:09:42 UTC 2026","231","","com.apitest.tests.CreateBookingTests","","com.apitest.tests.CreateBookingTests","createBooking_withValidData_returnsCreatedBooking","createBooking_withValidData_returnsCreatedBooking()","Verify a booking can be created with valid data"
